{"seq_length": 9, "use_cnn": false, "n_lstm_layers": 1, "lstm1_units": 182, "l2_1": 9.398896653479512e-06, "dropout1": 0.02654547358606635, "n_dense_layers": 2, "dense1_units": 29, "l2_dense_1": 3.285153888905181e-05, "dropout_dense1": 0.0964614884080059, "dense2_units": 34, "l2_dense_2": 0.0005594029811468521, "dropout_dense2": 0.42563159006080936, "optimizer": "rmsprop", "learning_rate": 0.007154053468382709, "batch_size": 16}