{"seq_length": 10, "use_cnn": true, "conv_filters": 108, "conv_kernel": 5, "n_lstm_layers": 1, "lstm1_units": 106, "l2_1": 1.1886720410753828e-06, "dropout1": 0.16184214440497624, "n_dense_layers": 2, "dense1_units": 109, "l2_dense_1": 1.0325817975293305e-05, "dropout_dense1": 0.35464215357308904, "dense2_units": 31, "l2_dense_2": 0.001710093768860403, "dropout_dense2": 0.3208188476814667, "optimizer": "adam", "learning_rate": 0.0015370504862497819, "batch_size": 4}