{"seq_length": 10, "use_cnn": false, "n_lstm_layers": 2, "lstm1_units": 213, "l2_1": 2.9661113893899282e-06, "dropout1": 0.25262915733872576, "lstm2_units": 86, "l2_2": 0.0002586289698454322, "dropout2": 0.29525849554365485, "n_dense_layers": 2, "dense1_units": 115, "l2_dense_1": 1.2620444568866318e-06, "dropout_dense1": 0.48723001333470056, "dense2_units": 63, "l2_dense_2": 7.46841153094959e-06, "dropout_dense2": 0.09187369879613469, "optimizer": "sgd", "learning_rate": 0.009956394102165875, "batch_size": 4}