{"seq_length": 10, "use_cnn": true, "conv_filters": 42, "conv_kernel": 3, "n_lstm_layers": 3, "lstm1_units": 252, "l2_1": 0.0006337654374128386, "dropout1": 0.4556218548877704, "lstm2_units": 190, "l2_2": 1.934070977820555e-05, "dropout2": 0.4827448589653105, "lstm3_units": 162, "l2_3": 2.360788725546729e-06, "dropout3": 0.4432747332799855, "n_dense_layers": 1, "dense1_units": 19, "l2_dense_1": 0.0001068488679912466, "dropout_dense1": 0.43544455817202865, "optimizer": "adam", "learning_rate": 0.0005155315144194348, "batch_size": 16}