{"seq_length": 5, "use_cnn": false, "n_lstm_layers": 2, "lstm1_units": 141, "l2_1": 6.771618986018783e-05, "dropout1": 0.2860299437053557, "lstm2_units": 184, "l2_2": 9.747974658112714e-06, "dropout2": 0.002698316095295604, "n_dense_layers": 1, "dense1_units": 104, "l2_dense_1": 6.274786637842274e-06, "dropout_dense1": 0.16235617107143496, "optimizer": "sgd", "learning_rate": 0.0012490295295902532, "batch_size": 4}