{"seq_length": 9, "use_cnn": true, "conv_filters": 128, "conv_kernel": 5, "n_lstm_layers": 1, "lstm1_units": 229, "l2_1": 8.050317938700448e-05, "dropout1": 0.25864012924808494, "n_dense_layers": 2, "dense1_units": 113, "l2_dense_1": 1.0979073557107597e-05, "dropout_dense1": 0.0005980336985123569, "dense2_units": 39, "l2_dense_2": 1.554822056472125e-05, "dropout_dense2": 0.28321782350719216, "optimizer": "rmsprop", "learning_rate": 0.008609150799551303, "batch_size": 16}