{"seq_length": 9, "use_cnn": true, "conv_filters": 111, "conv_kernel": 2, "n_lstm_layers": 1, "lstm1_units": 221, "l2_1": 1.934118921741355e-06, "dropout1": 0.3772729949484115, "n_dense_layers": 2, "dense1_units": 87, "l2_dense_1": 8.569204233655457e-05, "dropout_dense1": 0.2650624326214208, "dense2_units": 106, "l2_dense_2": 1.970150451777928e-05, "dropout_dense2": 0.028089237987188646, "optimizer": "rmsprop", "learning_rate": 0.005010112031674109, "batch_size": 16}