{"seq_length": 10, "use_cnn": false, "n_lstm_layers": 2, "lstm1_units": 86, "l2_1": 7.45823170788102e-06, "dropout1": 0.26988823487289504, "lstm2_units": 58, "l2_2": 0.00025978128994184343, "dropout2": 0.2663014519249057, "n_dense_layers": 1, "dense1_units": 54, "l2_dense_1": 5.812159177653459e-06, "dropout_dense1": 0.010949877091120105, "optimizer": "sgd", "learning_rate": 0.00014243406536245735, "batch_size": 4}